manufacturer_name,manufacturer_url
3RG,https://parcatedarik.com/3rg
4u,https://parcatedarik.com/4u
ABA,https://parcatedarik.com/aba
ACHR,https://parcatedarik.com/achr
ACV,https://parcatedarik.com/acv
ADM,https://parcatedarik.com/adm
AE,https://parcatedarik.com/ae
AEM,https://parcatedarik.com/aem
AFT,https://parcatedarik.com/aft
AIRTECH,https://parcatedarik.com/airtech
AIRTEX,https://parcatedarik.com/airtex
AISIN,https://parcatedarik.com/aisin
AJUSA,https://parcatedarik.com/ajusa
AKD,https://parcatedarik.com/akd
AKSA,https://parcatedarik.com/aksa
ALFA,https://parcatedarik.com/alfa
ALKAR,https://parcatedarik.com/alkar
ALLES,https://parcatedarik.com/alles
ALMOT,https://parcatedarik.com/almot
ALP,https://parcatedarik.com/alp
ALPER,https://parcatedarik.com/alper
ALT,https://parcatedarik.com/alt
AMC,https://parcatedarik.com/amc
AML,https://parcatedarik.com/aml
A-N PARTS,https://parcatedarik.com/a-n-parts
ANADOL,https://parcatedarik.com/anadol
ANKA,https://parcatedarik.com/anka
ANTAI,https://parcatedarik.com/antai
AP,https://parcatedarik.com/ap-2
APETECH,https://parcatedarik.com/apetech
APRES,https://parcatedarik.com/apres
ARA,https://parcatedarik.com/ara
ARI-IS,https://parcatedarik.com/ari-is
Arnott,https://parcatedarik.com/arnott
ART,https://parcatedarik.com/art
ARTEB,https://parcatedarik.com/arteb
ASAM,https://parcatedarik.com/asam
ASAS,https://parcatedarik.com/asas
ASMETAL,https://parcatedarik.com/asmetal
ASPART,https://parcatedarik.com/aspart
ASPÖCK,https://parcatedarik.com/aspock
ATE,https://parcatedarik.com/ate
A-TECH,https://parcatedarik.com/a-tech
ATF,https://parcatedarik.com/atf-2
ATIK,https://parcatedarik.com/atik
AUTODAK,https://parcatedarik.com/autodak
AUTOLUX,https://parcatedarik.com/autolux
AUTOTECHNIK DAG FILTRE,https://parcatedarik.com/autotechnik
AVORTEX,https://parcatedarik.com/avortex
AXAM,https://parcatedarik.com/axam
AYBAY,https://parcatedarik.com/aybay
AYD,https://parcatedarik.com/ayd
AYFAR,https://parcatedarik.com/ayfar
AYHAN PLASTIK,https://parcatedarik.com/ayhan-plastik
AYK,https://parcatedarik.com/apali
BANDO,https://parcatedarik.com/bando
BARAN,https://parcatedarik.com/baran
BARCHA,https://parcatedarik.com/barcha
BARUM,https://parcatedarik.com/barum
BEHR MAHLE,https://parcatedarik.com/mahle
BENDIX,https://parcatedarik.com/bendix
BERSE,https://parcatedarik.com/berse
BERU,https://parcatedarik.com/beru
BESCHER,https://parcatedarik.com/bescher
BESER,https://parcatedarik.com/beser
BETTO,https://parcatedarik.com/betto
BEWEKO,https://parcatedarik.com/beweko
BF,https://parcatedarik.com/bf
BGA,https://parcatedarik.com/bga
BILSTEIN AMORTISOR,https://parcatedarik.com/bilstein
BIOLIGHT,https://parcatedarik.com/biolight
BIRLIK,https://parcatedarik.com/birlik
BITAPART,https://parcatedarik.com/bitapart
BITRON,https://parcatedarik.com/bitron
Blue Print,https://parcatedarik.com/blue-print
BMBT,https://parcatedarik.com/bmbt
BMS,https://parcatedarik.com/bms
BMW,https://parcatedarik.com/bmw
BMY,https://parcatedarik.com/bmy
BOGAP,https://parcatedarik.com/bogap
BOGE,https://parcatedarik.com/boge
BORGWARNER,https://parcatedarik.com/borgwarner
BORSEHUNG,https://parcatedarik.com/borsehung
Bosch,https://parcatedarik.com/bosch
BOSS FILTERS,https://parcatedarik.com/boss-filters
BOSTEK,https://parcatedarik.com/bostek
BRAXIS,https://parcatedarik.com/braxis
BREMBO,https://parcatedarik.com/brembo
BREMI,https://parcatedarik.com/bremi
BROM,https://parcatedarik.com/brom
BRTEC,https://parcatedarik.com/brtec
BRUCKE,https://parcatedarik.com/brucke
BSG,https://parcatedarik.com/bsg
BUGATTI,https://parcatedarik.com/bugatti
BW,https://parcatedarik.com/bw
C.E.I.,https://parcatedarik.com/cei-pm-france
CABU,https://parcatedarik.com/cabu
CADA ERISTIC,https://parcatedarik.com/cada-eristic
CADIC,https://parcatedarik.com/cadic
CALDINI,https://parcatedarik.com/caldini
CALORSTAT by Vernet,https://parcatedarik.com/calorstat-by-vernet
CAR,https://parcatedarik.com/car
CAREX,https://parcatedarik.com/carex
CARMOT,https://parcatedarik.com/carmot
CARPART,https://parcatedarik.com/carpart
CARTEK,https://parcatedarik.com/cartek
CASTROL,https://parcatedarik.com/castrol
CAVO,https://parcatedarik.com/cavo
CDF,https://parcatedarik.com/cdf
CEI,https://parcatedarik.com/cei
CERKEZ,https://parcatedarik.com/cerkez
Champion,https://parcatedarik.com/champion
Champion Lubricants,https://parcatedarik.com/champion-lubricants
CHRYSLER,https://parcatedarik.com/chrysler
CIFAM,https://parcatedarik.com/cifam
CIMSAN,https://parcatedarik.com/cimsan
CM,https://parcatedarik.com/cm
CNM,https://parcatedarik.com/cnm
COJALI,https://parcatedarik.com/cojali
CONNECT,https://parcatedarik.com/connect
CONSAN,https://parcatedarik.com/consan
Continental,https://parcatedarik.com/contitech
CORAM,https://parcatedarik.com/coram
CORTECO,https://parcatedarik.com/corteco
COTECH,https://parcatedarik.com/cotech
CTR,https://parcatedarik.com/ctr
DAF,https://parcatedarik.com/daf
DAMA,https://parcatedarik.com/dama
DAS LAGER,https://parcatedarik.com/das-lager
DAYCO,https://parcatedarik.com/dayco
DEGA,https://parcatedarik.com/dega
DEGRA,https://parcatedarik.com/degra
DEKAR,https://parcatedarik.com/dekar
DELCO,https://parcatedarik.com/delco
DELCO REMY,https://parcatedarik.com/delco-remy
DELPHI,https://parcatedarik.com/delphi
DENGE,https://parcatedarik.com/denge
DENSO,https://parcatedarik.com/denso
DEPAR,https://parcatedarik.com/depar
DEPO,https://parcatedarik.com/depo
DESPA GAS SPRINGS,https://parcatedarik.com/despa-gas-springs
DEYE,https://parcatedarik.com/deye
DIESELTECHNI,https://parcatedarik.com/dieseltechni
DITAS,https://parcatedarik.com/ditas
DJ,https://parcatedarik.com/dj
DK,https://parcatedarik.com/dk
DNK,https://parcatedarik.com/dnk
DODUCO,https://parcatedarik.com/doduco
DOGANER,https://parcatedarik.com/doganer
DOGSAN,https://parcatedarik.com/dogsan
DOLZ,https://parcatedarik.com/dolz
DORTEL,https://parcatedarik.com/dortel
DÖNMEZ,https://parcatedarik.com/donmez
DPA,https://parcatedarik.com/dpa
DPH,https://parcatedarik.com/dph
DURACELL,https://parcatedarik.com/duracell
DWA,https://parcatedarik.com/dwa
ECEM,https://parcatedarik.com/ecem
ECO,https://parcatedarik.com/eco
EGEKARAYEL,https://parcatedarik.com/egekarayel
EGEROT,https://parcatedarik.com/ege
EKİM,https://parcatedarik.com/ekim
ELF,https://parcatedarik.com/elf
ELITCAR,https://parcatedarik.com/elitcar
ELITEAUTO,https://parcatedarik.com/eliteauto
ELO,https://parcatedarik.com/elo
ELRING,https://parcatedarik.com/elring
ELTA,https://parcatedarik.com/elta-automotive
ELWIS ROYAL,https://parcatedarik.com/elwis-royal
EMA,https://parcatedarik.com/ema
EMIN,https://parcatedarik.com/emin
ENG,https://parcatedarik.com/eng
EPS,https://parcatedarik.com/eps
ERA,https://parcatedarik.com/era
ERASTECH,https://parcatedarik.com/erastech
ERAYNA,https://parcatedarik.com/erayna
ERL,https://parcatedarik.com/erl
ERTECH,https://parcatedarik.com/ertech
ESER,https://parcatedarik.com/eser
ESTAŞ,https://parcatedarik.com/estas
EUROBODY,https://parcatedarik.com/eurobody
EUROBRAKE,https://parcatedarik.com/eurobrake
EUROCELL,https://parcatedarik.com/eurocell
EUROFIL,https://parcatedarik.com/eurofilter
EUROREPAR,https://parcatedarik.com/eurorepar
EURORICAMBI,https://parcatedarik.com/euroricambi
EUROSTAMP,https://parcatedarik.com/eurostamp
EUROTECH,https://parcatedarik.com/eurotech
EXEDY,https://parcatedarik.com/exedy
EXIDE,https://parcatedarik.com/exide
EXQ,https://parcatedarik.com/exq
EYQUEM,https://parcatedarik.com/eyquem
FACET,https://parcatedarik.com/facet
FAE,https://parcatedarik.com/fae
FAG,https://parcatedarik.com/fag
FAMCO,https://parcatedarik.com/famco
FANTECH,https://parcatedarik.com/fantech
FARBA,https://parcatedarik.com/farba
FDR,https://parcatedarik.com/fdr
Febi Bilstein,https://parcatedarik.com/febi-bilstein
FERBE,https://parcatedarik.com/ferbe
FERODO,https://parcatedarik.com/ferodo
FHS,https://parcatedarik.com/fhs
FIAT OPAR,https://parcatedarik.com/fiat
FIL FILTER,https://parcatedarik.com/fil-filter
FILTRON,https://parcatedarik.com/filtron
FIT,https://parcatedarik.com/fit
FITORI,https://parcatedarik.com/fitori
FITPART,https://parcatedarik.com/fitpart
FKG,https://parcatedarik.com/fkg
FKK,https://parcatedarik.com/fkk
FMC,https://parcatedarik.com/fmc
FMY,https://parcatedarik.com/fmy
FORBO,https://parcatedarik.com/forbo
FORD OTOSAN,https://parcatedarik.com/ford
FORMPART,https://parcatedarik.com/formpart
FPI,https://parcatedarik.com/fpi
FREMAX,https://parcatedarik.com/fremax
FRENDI,https://parcatedarik.com/frendi
FREY,https://parcatedarik.com/frey
FROW,https://parcatedarik.com/frow
FSS,https://parcatedarik.com/fss
FTE,https://parcatedarik.com/fte
FUJI,https://parcatedarik.com/fuji
G AUTOPARTS,https://parcatedarik.com/g-autoparts
G.B.,https://parcatedarik.com/gb
GARRETT,https://parcatedarik.com/garrett
GATES,https://parcatedarik.com/gates
GAYSAN,https://parcatedarik.com/gaysan
GEBA,https://parcatedarik.com/geba
GEBE,https://parcatedarik.com/gebe
GEMO,https://parcatedarik.com/gemo
GEMSAFT,https://parcatedarik.com/gemsaft
GENMOT,https://parcatedarik.com/genmot
GENON,https://parcatedarik.com/genon
GEPAŞ,https://parcatedarik.com/gepas
GIS,https://parcatedarik.com/gis
GK,https://parcatedarik.com/gk
GKL,https://parcatedarik.com/gkl
GKN,https://parcatedarik.com/gkn
GLASER,https://parcatedarik.com/glaser
GLOBAL,https://parcatedarik.com/global
GLOPART,https://parcatedarik.com/glopart
GLYCO,https://parcatedarik.com/glyco
GMB,https://parcatedarik.com/gmb
GMW,https://parcatedarik.com/gmw
GNC,https://parcatedarik.com/gnc
GNR,https://parcatedarik.com/gnr
GNS,https://parcatedarik.com/gns
GOETZE NÜRAL,https://parcatedarik.com/goetze
GOLD FILTER,https://parcatedarik.com/gold
Gomet,https://parcatedarik.com/gomet
Goodyear,https://parcatedarik.com/goodyear
GORDON,https://parcatedarik.com/gordon
GOVA,https://parcatedarik.com/gova
GP,https://parcatedarik.com/gp
GQP,https://parcatedarik.com/gop
GRAF,https://parcatedarik.com/graf
GRAP,https://parcatedarik.com/grap
GRAT,https://parcatedarik.com/grat
GROS,https://parcatedarik.com/gros
GROSSE,https://parcatedarik.com/grosse
GRT,https://parcatedarik.com/grt
GSK,https://parcatedarik.com/gsk
GSP,https://parcatedarik.com/gsp
GTS TURBO,https://parcatedarik.com/gts-turbo
GUA,https://parcatedarik.com/gua
GURFILTER,https://parcatedarik.com/gurfilter
GÜNEŞ,https://parcatedarik.com/gunes
GÜNSAN,https://parcatedarik.com/gunsan
GÜRTAŞ,https://parcatedarik.com/gurtas
GVA,https://parcatedarik.com/gva
HANLIN,https://parcatedarik.com/hanlin
HANX,https://parcatedarik.com/hanx
HAOGUO,https://parcatedarik.com/haoguo
HATTAT,https://parcatedarik.com/hattat
HCC,https://parcatedarik.com/hcc
HC-Cargo,https://parcatedarik.com/hc-cargo
HD,https://parcatedarik.com/hd
HEJALUX,https://parcatedarik.com/hejalux
HELLA,https://parcatedarik.com/hella
HELLUX,https://parcatedarik.com/hellux
HEMA HATTAT,https://parcatedarik.com/hema
HENGST FILTER,https://parcatedarik.com/hengst-filter
HENKEL,https://parcatedarik.com/henkel
HEPU,https://parcatedarik.com/hepu
HERTH+BUSS,https://parcatedarik.com/herth-buss-elparts
HILEKS,https://parcatedarik.com/hileks
HIMPEKS,https://parcatedarik.com/himpeks
HITACHI,https://parcatedarik.com/hitachi
HITECH,https://parcatedarik.com/hitech
Hi-Q,https://parcatedarik.com/hi-q
HKT,https://parcatedarik.com/hkt
HOBI,https://parcatedarik.com/hobi
HOFFER,https://parcatedarik.com/hoffer
HOLSET,https://parcatedarik.com/holset
HONDA,https://parcatedarik.com/honda
H-TECH,https://parcatedarik.com/h-tech
HUCO,https://parcatedarik.com/huco
HUTCHINSON,https://parcatedarik.com/hutchinson
HYUNDAI,https://parcatedarik.com/hyundai
IBRAS,https://parcatedarik.com/nifea
ICER,https://parcatedarik.com/icer
ILJIN,https://parcatedarik.com/iljin
IMP,https://parcatedarik.com/imp
IMPOL,https://parcatedarik.com/impol
IMSP,https://parcatedarik.com/imsp
INA,https://parcatedarik.com/ina
INCI AKÜ,https://parcatedarik.com/inci-aku
Intermobil İOTO,https://parcatedarik.com/intermobil-ioto
ISAM,https://parcatedarik.com/bisam
ISUZU,https://parcatedarik.com/isuzu
ITSA,https://parcatedarik.com/itsa
IVECO,https://parcatedarik.com/iveco
IWIS,https://parcatedarik.com/iwis
İthal,https://parcatedarik.com/ithal
JANTAŞ,https://parcatedarik.com/jantas
JAPANPARTS,https://parcatedarik.com/japanparts
JDEUS,https://parcatedarik.com/jdeus
JEAGLER,https://parcatedarik.com/jeagler
JEEP,https://parcatedarik.com/jeep
Jrone,https://parcatedarik.com/jrone
JURID,https://parcatedarik.com/jurid
JUST,https://parcatedarik.com/just
KAÇMAZLAR,https://parcatedarik.com/kacmazlar
KAFFER,https://parcatedarik.com/kaffer
KALE,https://parcatedarik.com/kale
KAPARS,https://parcatedarik.com/kapars
KAPIMSAN,https://parcatedarik.com/kapimsan
KAUTEK,https://parcatedarik.com/kautek
KAYA,https://parcatedarik.com/kaya
KAYLAS,https://parcatedarik.com/kaylas
KENTPAR,https://parcatedarik.com/kentpar
KIA,https://parcatedarik.com/kia
KING PISTON,https://parcatedarik.com/king
KITATECH,https://parcatedarik.com/kitatech
KKK,https://parcatedarik.com/kkk
KLEBER,https://parcatedarik.com/kleber
KLF,https://parcatedarik.com/klf
KMETAL,https://parcatedarik.com/kmetal
KNECHT,https://parcatedarik.com/knecht
KNORR-BREMSE,https://parcatedarik.com/knorr-bremse
KOLBENSCHMIDT,https://parcatedarik.com/kolbenschmidt
KOMMAR,https://parcatedarik.com/kommar
KONEKS,https://parcatedarik.com/koneks
KONGSBERG,https://parcatedarik.com/kongsberg
KOREA,https://parcatedarik.com/kore
KOYO,https://parcatedarik.com/koyo
KRAFTVOLL,https://parcatedarik.com/kraftvoll
KRC,https://parcatedarik.com/krc
KRUGER,https://parcatedarik.com/kruger
KS TOOLS,https://parcatedarik.com/ks-tools
KWP,https://parcatedarik.com/kwp
KYB,https://parcatedarik.com/kyb
KYT,https://parcatedarik.com/kyt
LANCIA,https://parcatedarik.com/lancia
LAND ROVER,https://parcatedarik.com/land-rover
LASO,https://parcatedarik.com/laso
LDM,https://parcatedarik.com/ldm
LECOY,https://parcatedarik.com/lecoy
LEMA,https://parcatedarik.com/lema
LEMFORDER,https://parcatedarik.com/lemforder
LESJOFORS,https://parcatedarik.com/lesjofors
MAJORSELL,https://parcatedarik.com/majorsell
LETENDEUR,https://parcatedarik.com/letendeur
LEX,https://parcatedarik.com/lex
LIFT-TEK,https://parcatedarik.com/lift-tek
LINE,https://parcatedarik.com/line
LIQUI MOLY,https://parcatedarik.com/liqui-moly
LITENS,https://parcatedarik.com/litens
LKS,https://parcatedarik.com/lks
LOCALPAR,https://parcatedarik.com/localpar
LPR,https://parcatedarik.com/lpr
LUCAS,https://parcatedarik.com/lucas
LuK,https://parcatedarik.com/luk
LUKOIL,https://parcatedarik.com/lukoil
LUVI,https://parcatedarik.com/luvi
MAGNETI MARELLI,https://parcatedarik.com/magneti-marelli
MAHER,https://parcatedarik.com/maher
MAKO,https://parcatedarik.com/mako
MAN,https://parcatedarik.com/man-2
MANDO,https://parcatedarik.com/mando
MANN FILTER,https://parcatedarik.com/man
MANNLEY,https://parcatedarik.com/mannley
MANUS,https://parcatedarik.com/manus
MAPA,https://parcatedarik.com/mapa
MARAL,https://parcatedarik.com/maral
MARGO,https://parcatedarik.com/margo
MARS,https://parcatedarik.com/mars
MARTIGUES,https://parcatedarik.com/martigues
MASTER,https://parcatedarik.com/master-2
MATADOR,https://parcatedarik.com/matador
MAXI+,https://parcatedarik.com/maxi
MAXTEL,https://parcatedarik.com/maxtel
MAY,https://parcatedarik.com/may-fren
MAYSAN MANDO,https://parcatedarik.com/maysan-mando
MAZDA,https://parcatedarik.com/mazda
MCAR KRAW,https://parcatedarik.com/kraw
MEAT DORIA,https://parcatedarik.com/meat-doria
MECDIESEL,https://parcatedarik.com/mecdiesel
MECHPARTS,https://parcatedarik.com/mechparts
MEGA,https://parcatedarik.com/mega
MEHA,https://parcatedarik.com/meha
MERCEDES,https://parcatedarik.com/mercedes-benz
METELLI,https://parcatedarik.com/metelli
METTE,https://parcatedarik.com/mette
MEYLE,https://parcatedarik.com/meyle
MFK,https://parcatedarik.com/mfk
MGA,https://parcatedarik.com/mga
MIBA,https://parcatedarik.com/miba
MIRAGLIO,https://parcatedarik.com/miraglio
MITA,https://parcatedarik.com/mita
MITOYO,https://parcatedarik.com/mitoyo
MITSUBISHI,https://parcatedarik.com/mitsubishi
Michelin,https://parcatedarik.com/michelin
MKS,https://parcatedarik.com/mks
MOBIL,https://parcatedarik.com/mobil
MOBILETRON,https://parcatedarik.com/mobiletron
MOBIS,https://parcatedarik.com/mobis
MONOGRAM,https://parcatedarik.com/monogram
MONROE,https://parcatedarik.com/monroe
MOOG,https://parcatedarik.com/moog
MOTCAR,https://parcatedarik.com/motcar
MOTIVE,https://parcatedarik.com/motive
MOTOCAR,https://parcatedarik.com/motocar
MOTORTEC,https://parcatedarik.com/motortec
MOTRIO,https://parcatedarik.com/motrio
MOTUL,https://parcatedarik.com/motul
MOTUS,https://parcatedarik.com/motus
MSE,https://parcatedarik.com/mse
MTA,https://parcatedarik.com/mta
MTJ,https://parcatedarik.com/mtj
MTK(S),https://parcatedarik.com/mtk
MUHLER,https://parcatedarik.com/muhler
NAGAMA,https://parcatedarik.com/nagama
NAGARES,https://parcatedarik.com/nagares
NARVA,https://parcatedarik.com/narva
NE,https://parcatedarik.com/ne
NEIMAN,https://parcatedarik.com/neiman
NEMANN,https://parcatedarik.com/nemann
NEOLUX,https://parcatedarik.com/neolux
NEWADA,https://parcatedarik.com/newada
NEWTECH,https://parcatedarik.com/newtech
NGK,https://parcatedarik.com/ngk
NIKEN,https://parcatedarik.com/niken
NISSAN,https://parcatedarik.com/nissan
NISSENS,https://parcatedarik.com/nissens
NMY,https://parcatedarik.com/nmy
NORMA,https://parcatedarik.com/norma
NPW,https://parcatedarik.com/npw
NRF,https://parcatedarik.com/nrf
NTN / SNR,https://parcatedarik.com/ntn-snr
NUREL,https://parcatedarik.com/nurel
OCAL,https://parcatedarik.com/ocal
ODM-MULTIPARTS,https://parcatedarik.com/odm-multiparts
ODYO,https://parcatedarik.com/odyo
OEK,https://parcatedarik.com/oek
OEM,https://parcatedarik.com/oem
OES,https://parcatedarik.com/oes
OKSA,https://parcatedarik.com/oksa
OMP,https://parcatedarik.com/omp
OMS,https://parcatedarik.com/oms
ONSAN,https://parcatedarik.com/onsan
OPET,https://parcatedarik.com/opet
OPTIBELT,https://parcatedarik.com/optibelt
OPTIMAL,https://parcatedarik.com/optimal
ORAN,https://parcatedarik.com/oran
ORIS,https://parcatedarik.com/oris
ORJIN,https://parcatedarik.com/orjin
ORS,https://parcatedarik.com/ors
OS,https://parcatedarik.com/os
OSK,https://parcatedarik.com/osk
OSRAM,https://parcatedarik.com/osram
OSSCA,https://parcatedarik.com/ossca
OTO CONTA,https://parcatedarik.com/oto-conta
OTO SANTRAL,https://parcatedarik.com/oto-santral
OTOZONE,https://parcatedarik.com/otozone
OYGARSAN,https://parcatedarik.com/oygarsan
OZAR,https://parcatedarik.com/ozar
OZGAYD,https://parcatedarik.com/ozgayd
PARKER,https://parcatedarik.com/parker
PARS,https://parcatedarik.com/pars
PARTSMALL,https://parcatedarik.com/partsmall
PAULJOURNE,https://parcatedarik.com/pauljourne
PAYEN,https://parcatedarik.com/payen
PBS,https://parcatedarik.com/pbs
PEKTEKNIK,https://parcatedarik.com/pekteknik
PENNOL,https://parcatedarik.com/pennol
PERFLEX,https://parcatedarik.com/perflex
PETEX,https://parcatedarik.com/petex
PETROL OFISI,https://parcatedarik.com/petrol-ofisi
PFI,https://parcatedarik.com/pfi
PHAFF,https://parcatedarik.com/phaff
PHILIPS,https://parcatedarik.com/philips
PHIRA,https://parcatedarik.com/phira
Photon,https://parcatedarik.com/photon
PIERBURG,https://parcatedarik.com/pierburg
PLASTECH,https://parcatedarik.com/plastech
PLEKSAN,https://parcatedarik.com/pleksan
POBUSAN,https://parcatedarik.com/pobusan
POLBEK,https://parcatedarik.com/polbek
POLIPLAST,https://parcatedarik.com/poliplast
PRASCO,https://parcatedarik.com/prasco
PRIZMA,https://parcatedarik.com/prizma
PRO-A,https://parcatedarik.com/pro-as
PROSWITCH,https://parcatedarik.com/proswitch
PROWALLE,https://parcatedarik.com/prowalle
PRS,https://parcatedarik.com/prs
PSA,https://parcatedarik.com/psa
PUGA,https://parcatedarik.com/puga
PULO,https://parcatedarik.com/pulo
PURFLUX,https://parcatedarik.com/purflux
QLUK,https://parcatedarik.com/qluk
QUALITAT,https://parcatedarik.com/qualitat
RAICAM,https://parcatedarik.com/raicam
RAMSAN,https://parcatedarik.com/ramsan
RAPRO,https://parcatedarik.com/rapro
REDSKAP,https://parcatedarik.com/redskap
REGUS,https://parcatedarik.com/regus
RENAULT,https://parcatedarik.com/renault
RESCO,https://parcatedarik.com/resco
RICAMBI,https://parcatedarik.com/ricambi
RICH,https://parcatedarik.com/rich
RIKEN,https://parcatedarik.com/riken
RIW,https://parcatedarik.com/riw
ROADMAX,https://parcatedarik.com/roadmax
ROCKSWELL,https://parcatedarik.com/rockswell
RODRUNNER,https://parcatedarik.com/rodrunner
ROOT,https://parcatedarik.com/root
ROTA,https://parcatedarik.com/rota
ROYAL CONTA,https://parcatedarik.com/royal-conta
RUBBIBURG,https://parcatedarik.com/rubbiburg
RUVILLE,https://parcatedarik.com/ruville
S BARUT,https://parcatedarik.com/s-barut
SACHS,https://parcatedarik.com/sachs
SAGEM,https://parcatedarik.com/sagem
SAHIN,https://parcatedarik.com/sahin
SAKURA,https://parcatedarik.com/sakura
SAMKO,https://parcatedarik.com/samko
SAMPA,https://parcatedarik.com/sampa
SANCAK,https://parcatedarik.com/sancak
SANDEN,https://parcatedarik.com/sanden
SANGSIN,https://parcatedarik.com/sangsin
SANKEI,https://parcatedarik.com/sankei
SARDES,https://parcatedarik.com/sardes
SASIC,https://parcatedarik.com/sasic
SCANIA,https://parcatedarik.com/scania
SCHADEK,https://parcatedarik.com/schadek
SCHRADER,https://parcatedarik.com/schrader
SCHUTZE,https://parcatedarik.com/schutze
SECO,https://parcatedarik.com/seco
SEG,https://parcatedarik.com/seg
SEGER,https://parcatedarik.com/seger
SEIM,https://parcatedarik.com/seim
SEON,https://parcatedarik.com/seon
SGR,https://parcatedarik.com/sgr
SHELL,https://parcatedarik.com/shell
SIDAT,https://parcatedarik.com/sidat
SIEMENS,https://parcatedarik.com/siemens
SIMYI,https://parcatedarik.com/simyi
SINTLY,https://parcatedarik.com/sintly
SION,https://parcatedarik.com/sion
SISMAK,https://parcatedarik.com/sismak
SİLBAK,https://parcatedarik.com/silbak
SKF,https://parcatedarik.com/skf
SKT,https://parcatedarik.com/skt
s-Tec,https://parcatedarik.com/s-tec
SMF,https://parcatedarik.com/smf
SODSAN,https://parcatedarik.com/sodsan
SOFABEX,https://parcatedarik.com/sofabex
SOFIMA,https://parcatedarik.com/sofima
SOLARIS,https://parcatedarik.com/solaris
SOMAG,https://parcatedarik.com/somag
SONNE,https://parcatedarik.com/sonne
SOSA,https://parcatedarik.com/sosa
SPAGO,https://parcatedarik.com/spago
SPESSO,https://parcatedarik.com/spesso
SPIDAN,https://parcatedarik.com/spidan
SPJ,https://parcatedarik.com/spj
SPK,https://parcatedarik.com/spk
SRT,https://parcatedarik.com/srt
SSANGYONG,https://parcatedarik.com/ssangyong
STABILUS,https://parcatedarik.com/stabilus
STAMAT,https://parcatedarik.com/stamat
STANADYNE,https://parcatedarik.com/stanadyne
STANDART YAY,https://parcatedarik.com/standart-yay
STEP,https://parcatedarik.com/step
STONE,https://parcatedarik.com/stone
SUBARU,https://parcatedarik.com/subaru
SUPAR,https://parcatedarik.com/supar
SUPSAN,https://parcatedarik.com/supsan
SUYANG,https://parcatedarik.com/suyang
SUZUKI,https://parcatedarik.com/suzuki
SVAC,https://parcatedarik.com/svac
SWAG,https://parcatedarik.com/swag
SWAPP,https://parcatedarik.com/swapp
SWB,https://parcatedarik.com/swb
SWF,https://parcatedarik.com/swf
ŞAH,https://parcatedarik.com/sah
TAIHO,https://parcatedarik.com/taiho
TAP,https://parcatedarik.com/tap
TDS,https://parcatedarik.com/tds
TECHNOSHOCK,https://parcatedarik.com/technoshock
TECNO TECHNIC,https://parcatedarik.com/tecno-technic
TEKNOLAST,https://parcatedarik.com/teknolast
TEKNOPARTS,https://parcatedarik.com/teknoparts
TEKNOROT,https://parcatedarik.com/teknorot
TETIK,https://parcatedarik.com/tetik
TEXTAR,https://parcatedarik.com/textar
TherMax,https://parcatedarik.com/thermax
THRONE,https://parcatedarik.com/throne
TIMKEN,https://parcatedarik.com/timken
TIRSAN,https://parcatedarik.com/tirsan
TitanX,https://parcatedarik.com/titanx
TKN,https://parcatedarik.com/tkn
TM,https://parcatedarik.com/tm
TOPRAN,https://parcatedarik.com/topran
TORK,https://parcatedarik.com/tork
TOTAL,https://parcatedarik.com/total
TOYAN,https://parcatedarik.com/toyan
TOYOTA,https://parcatedarik.com/toyota
TRANSPO,https://parcatedarik.com/transpo
TRIBRO,https://parcatedarik.com/tribro
TRITON,https://parcatedarik.com/triton
TRUCKTEC,https://parcatedarik.com/trucktec
TRW,https://parcatedarik.com/trw
TSK,https://parcatedarik.com/tsk
TUDOR,https://parcatedarik.com/tudor
TUFF SUPPORT,https://parcatedarik.com/tuff-support
TUNAP,https://parcatedarik.com/tunap
TUNCH,https://parcatedarik.com/tunch
TUNGSRAM,https://parcatedarik.com/tungsram
TURBOKLAX,https://parcatedarik.com/turboklax
TURKAS,https://parcatedarik.com/turkas
TURSAN,https://parcatedarik.com/tursan
TURTEL,https://parcatedarik.com/turtel
TYC,https://parcatedarik.com/tyc
UBO,https://parcatedarik.com/ubo
UCPA,https://parcatedarik.com/ucpa
UFI,https://parcatedarik.com/ufi
ULO,https://parcatedarik.com/ulo
UNIPART,https://parcatedarik.com/unipart
UNIPOINT,https://parcatedarik.com/unipoint
UNUVAR,https://parcatedarik.com/unuvar
ÜÇEL,https://parcatedarik.com/ucel
VADEN,https://parcatedarik.com/vaden
Valeo,https://parcatedarik.com/valeo
Varta,https://parcatedarik.com/varta
VDO,https://parcatedarik.com/vdo-br
VEKA,https://parcatedarik.com/veka
VEMA,https://parcatedarik.com/vema
VICTOR REINZ,https://parcatedarik.com/victor-reinz
VIEWMAX,https://parcatedarik.com/viewmax
VIKA,https://parcatedarik.com/vika
VIMERCATI,https://parcatedarik.com/vimercati
VISTEON,https://parcatedarik.com/visteon
VITESCO,https://parcatedarik.com/vitesco
VITESSE,https://parcatedarik.com/vitesse
VOE,https://parcatedarik.com/voe
VOLLER,https://parcatedarik.com/voller
VOLMERK,https://parcatedarik.com/volmerk
VOLVO,https://parcatedarik.com/volvo
VONAR,https://parcatedarik.com/vonar
VORTEX,https://parcatedarik.com/vortex
VOTTO,https://parcatedarik.com/votto
VW,https://parcatedarik.com/vw
WABCO,https://parcatedarik.com/wabco
WAGENBURG,https://parcatedarik.com/wagenburg
WAGNER,https://parcatedarik.com/wagner
WAHLER,https://parcatedarik.com/wahler
WAI,https://parcatedarik.com/wai
WALBURG,https://parcatedarik.com/walburg
WAX,https://parcatedarik.com/wax
WAXELL,https://parcatedarik.com/waxell
WBF,https://parcatedarik.com/wbf
WEGER,https://parcatedarik.com/weger
WENCOR,https://parcatedarik.com/wencor
WENDERPARTS,https://parcatedarik.com/wenderparts
WGN,https://parcatedarik.com/wgn
WIATE,https://parcatedarik.com/wiate
WILDCAT,https://parcatedarik.com/wildcat
WINPOWER,https://parcatedarik.com/winpower
WINTECH,https://parcatedarik.com/wintech
WISCO,https://parcatedarik.com/wisco
WOLF,https://parcatedarik.com/wolf
WONDER,https://parcatedarik.com/wonder
WONGA,https://parcatedarik.com/wonga
WORG,https://parcatedarik.com/worg
WPI,https://parcatedarik.com/wpi
WUNDER,https://parcatedarik.com/wunder
WURTH,https://parcatedarik.com/wurth
WUTSE,https://parcatedarik.com/wutse
XGM,https://parcatedarik.com/xgm
YASID,https://parcatedarik.com/yasid
YAVUZ,https://parcatedarik.com/yavuz
YAVUZSAN,https://parcatedarik.com/yavuzsan
YENMAK,https://parcatedarik.com/yenmak
YILDIZ,https://parcatedarik.com/yildiz
YILMAZ,https://parcatedarik.com/yilmaz-plastik
YILPAR,https://parcatedarik.com/yilpar
YRJ,https://parcatedarik.com/yrj
YTT,https://parcatedarik.com/ytt
YUASA,https://parcatedarik.com/yuasa
YUCE PLASTIK,https://parcatedarik.com/yuce-plastik
YUHOLI,https://parcatedarik.com/yuholi
YUMAK,https://parcatedarik.com/yumak
YUNYI,https://parcatedarik.com/yunyi
ZEGEN,https://parcatedarik.com/zegen
ZEN,https://parcatedarik.com/zen
ZENIT,https://parcatedarik.com/zenit
ZENON,https://parcatedarik.com/zenon
ZF,https://parcatedarik.com/zf
ZIMMERMANN,https://parcatedarik.com/zimmermann
ZKW,https://parcatedarik.com/zkw
ZM,https://parcatedarik.com/zm
