3|Yedek parçalar
4|Motor parçaları
16|Eksantrik milleri
18|Supap iticileri
21|Triger zincirleri
22|Triger zinciri kızakları
23|Triger zinciri gergileri
25|Triger zincir setleri
27|Motor supapları
28|Diğer silindir kapağı parçaları
29|Triger dişlileri
33|Motor conta takımları
34|Silindir kapak contaları
35|Supap kapağı contaları
36|Supap lastikleri
37|Emme manifoldu contaları
38|Egzoz manifoldu contaları
39|Karter conta takımları
40|Yağ karteri contaları
41|Triger kapağı contaları
42|Turbo contaları
43|Yakıt sistemi conta ve keçeleri
44|Soğutma sistemi conta ve keçeleri
47|Motor yağlama sistemi
49|Yağ filtresi gövdeleri ve contaları
55|Yağ karterleri
57|Karter tapaları
59|Yağ pompaları
60|Yağ pompası conta ve keçeleri
61|Yağ emiş boruları
62|Yağ pompası zincirleri
64|Yağ basınç müşürleri ve valfleri
65|Yağ seviye çubukları
66|Yağ hortumları
68|Yağ soğutma termostatları
69|Eksantrik yağlama boruları
72|Silindir kapağı parçaları
76|Supap keçeleri ve keçe takımları
77|Silindir kapağı cıvataları
78|Yağ dolum kapakları
79|Silindir kapakları
82|Eksantrik mili keçeleri
86|Emme manifoldları
91|Turbo parçaları
93|İntercooler radyatörleri
95|Turbo hortumları
98|Gaz kelebeği gövdeleri
103|Hava emiş hortumları
107|Silindir gömlek takımları
108|Karter havalandırma parçaları
110|Motor bloğu ve krank mili
112|Krank mili yatakları
114|Krank mili ay yatakları
115|Krank mili dişlileri
120|Biyel kolları
121|Kol yatakları
123|Biyel kolu burçları
124|Biyel kolu cıvataları
126|Pistonlar
128|Segman takımları
132|Ara miller
135|Motor takozları
138|EGR sistemi
140|EGR basınç dönüştürücüleri
141|EGR basınç kontrol valfleri
143|EGR solenoid valfleri
144|EGR valfleri
147|EGR vakum kontrol valfleri
148|EGR soğutucuları
155|İkincil hava pompaları
164|Motor kapakları
168|Motor kayışları ve zincirleri
171|V ve kanallı kayış setleri
175|V ve kanallı kayışlar
177|V kayışı gergi rulmanları
178|Kanallı kayış avare ve kılavuz rulmanları
181|V kayışı titreşim sönümleyicileri
184|Triger kayışları
185|Triger kayış setleri
186|Triger kayışı gergi rulmanları
187|Triger kayışı avare rulmanları
190|Triger kayışı titreşim sönümleyicileri
191|Triger kayışı kapakları
192|Triger rulman setleri
193|Krank kasnağı cıvataları
194|Krank kasnakları
195|Alternatör serbest dönüş kasnakları
196|Esnek kaplin burçları
198|Egzoz sistemi
200|Katalitik konvertörler
201|Lambda sensörleri
206|Egzoz bağlantı parçaları
207|Egzoz contaları
208|Boru bağlantıları
209|Kauçuk halkalar
210|Kauçuk tamponlar
211|Kauçuk şeritler
212|Sabitleme braketleri
213|Egzoz kelepçeleri
214|Egzoz flanşları
216|Egzoz yayları
217|Egzoz vida, somun ve halkaları
219|Egzoz esnek boruları
220|Ara burçlar
221|Egzoz susturucuları
222|Egzoz boruları
223|Dizel partikül filtreleri (DPF)
226|Egzoz manifoldları
227|Turbolar
229|Egzoz sistemi valfleri
231|AdBlue dozaj modülleri
232|AdBlue enjektör valfleri
233|AdBlue besleme modülleri
235|NOx ve AdBlue sensörleri
236|AdBlue depoları
240|Egzoz sistemi sensörleri
241|Filtreler
242|Yağ filtreleri
243|Hava filtreleri
244|Yakıt filtreleri
245|Hidrolik filtreler
246|Polen filtreleri
247|Soğutma sıvısı filtreleri
248|Filtre setleri
252|Fren sistemi
253|Fren servoları
254|Fren ana merkezleri
256|Fren kaliperi parçaları
257|Fren kaliperleri
260|El freni parçaları
261|Fren hortumları
263|Fren kuvvet regülatörleri
264|ABS sensörleri ve halkaları
265|Fren vakum pompaları
268|Fren balataları
269|Fren diskleri
270|Fren sistemi aksesuarları
273|Fren pabuçları
274|Fren kampanaları
276|Kampana fren parçaları
279|Tekerlek fren merkezleri
281|Balata aşınma sensörleri
282|El freni telleri
294|Fren lambası müşürleri
296|Motor soğutma sistemi
299|Su pompaları
300|Su pompası kasnakları
303|Termostatlar
306|Radyatör hortumları ve boruları
308|Soğutma suyu flanşları
310|Soğutma radyatörleri
311|Kalorifer radyatörleri
312|Radyatör bağlantı parçaları
313|Yağ soğutucuları ve boruları
314|Genleşme depoları
315|Soğutma sistemi sensörleri ve röleleri
316|Radyatör fanları
320|Antifriz
323|Elektrik sistemi
325|Distribütör parçaları
326|Ateşleme bobinleri
327|Bujiler
328|Kızdırma bujileri
329|Buji kabloları
341|Alternatörler
342|Alternatör regülatörleri
343|Alternatör parçaları
349|Kornalar
352|Yakıt göstergeleri
353|Devir saati telleri
355|Marş motoru parçaları
356|Marş motorları
357|Marş otomatikleri
360|Kontrol üniteleri
366|Sensörler
367|Kablo tesisatları
371|Park ısıtıcıları
374|Merkezi kilit sistemi
375|Park sensörleri
381|Yağmur sensörleri
402|Antenler
412|Airbag zemberekleri
414|Isıtma ve havalandırma
418|Kalorifer fan motorları
420|Klima anahtarları ve aktüatörleri
421|Kalorifer hortumları
423|Kalorifer kontrol üniteleri ve valfleri
425|Klima kompresörleri
426|Klima kondenserleri
427|Klima evaporatörleri
428|Klima kurutucuları
429|Klima kontrol üniteleri ve valfleri
430|Klima hortumları ve boruları
431|Klima röleleri
439|İç ve dış sıcaklık sensörleri
443|Kaporta ve iç donanım
448|Çıtalar ve koruyucu şeritler
454|Çamurluk korumaları
456|Taban panelleri
457|Basamaklar
460|Tampon parçaları
461|Ön panjurlar
463|Plakalıklar
467|Motor taşıyıcı traversleri
469|Aynalar
472|Cam fitilleri
477|Kapı parçaları
478|Bagaj kapağı kaldırma motorları
483|Gazlı amortisörler
492|Motor kaputları ve parçaları
601|Çeki demirleri ve tesisat setleri
602|Çeki demirleri
603|Çeki demiri tesisat setleri
604|Tampon çekme kancası kapakları
606|Silecek ve cam yıkama sistemi
607|Silecekler
608|Silecek motorları
609|Cam suyu pompaları
610|Silecek kolları
611|Silecek mekanizmaları
612|Cam suyu depoları
613|Cam suyu fıskiyeleri
618|Koltuk ayar parçaları
619|Kol dayamalar
622|Cam krikoları
626|Pedal kaplamaları
629|Güneşlikler
630|Kapı döşemeleri
633|Bardaklıklar
643|Dış kilitler
644|Direksiyon kilitleri
646|Kilit göbekleri
647|Kapı kolları
648|Kapı kilit pimleri
663|Süspansiyon
664|Helezon yaylar
665|Amortisörler
666|Süspansiyon küreleri
668|Amortisör rulmanları ve takozları
671|Amortisör körükleri
672|Makas yayları
674|Havalı süspansiyon körükleri
676|Direksiyon sistemi
677|Rot başları
678|Hidrolik direksiyon pompaları
679|Direksiyon amortisörleri
680|Direksiyon kutusu körükleri
681|Direksiyon kolonları
682|Pitman kolları
685|Hidrolik direksiyon filtreleri
686|Direksiyon hortumları
687|Direksiyon kutusu bağlantıları
688|Direksiyon kolları
690|Rot takımları
693|Hidrolik direksiyon depoları
694|Direksiyon açı sensörleri
702|Poryalar
703|Porya rulmanları
704|Porya ve diferansiyel mili keçeleri
706|Porya rulman yatakları
708|Aks uçları
710|Süspansiyon tamir setleri
711|Aks ucu keçeleri
713|Salıncaklar
717|Viraj demirleri
719|Viraj askı rotları
721|Süspansiyon burçları
723|Rotiller
726|Aks traversleri
733|Jant ara parçaları
738|Bijon somunları, cıvataları ve saplamaları
740|Yakıt sistemi
742|Yakıt depoları
744|Yakıt pompaları ve parçaları
746|Yakıt pompası tamir setleri
753|Yakıt basınç regülatörleri
755|Yakıt su sensörleri
787|Enjektör memeleri
788|Enjektör ve meme parçaları
790|Gaz telleri
791|Yüksek basınç pompaları
792|Yakıt boruları ve hortumları
793|Rölanti valfleri
794|Hava akışmetreleri
795|Enjektör meme tamir setleri
799|Yakıt sistemi valfleri
804|Karbüratör parçaları
814|Şanzıman ve debriyaj
816|Aks milleri
817|Aks cıvataları ve somunları
818|Aks istavrozları
819|Aks mafsalları
820|Aks körükleri
824|Debriyaj setleri
825|Debriyaj baskıları
826|Debriyaj diskleri
828|Debriyaj rulmanları
829|Debriyaj kılavuz boruları
830|Hidrolik debriyaj rulmanları
831|Debriyaj çatalları
832|Volanlar
833|Debriyaj pilot rulmanları
835|Debriyaj alt merkezleri
836|Debriyaj üst merkezleri
837|Debriyaj telleri
838|Debriyaj hortumları ve boruları
839|Debriyaj pedal yayları
853|Mil keçeleri
854|Şanzıman takozları
855|Şanzıman gövdeleri
856|Vites seçici çubukları ve tamir setleri
859|Senkromeç halkaları
866|Şanzıman conta takımları
873|Hidrolik yağ
876|Otomatik şanzıman yağ karterleri
881|Şanzıman yağ soğutucuları
883|Şanzıman yağ değişim setleri
886|Diferansiyel parçaları
887|Transfer kutusu conta ve keçeleri
889|Üniversal mafsallar ve esnek kaplinler
890|Şaftlar
891|Şaft askı rulmanları
895|Aydınlatma
898|Ön sis farları
914|Stop lambaları
915|Stop lambası parçaları
921|Fren lambaları
926|Sinyal lambaları
931|Plaka lambaları
935|Arka sis lambaları
939|Geri vites lambaları
951|Farlar
953|Far parçaları
955|Far yıkama pompaları ve fıskiyeleri
956|Yağlar ve sıvılar
957|Motor yağları
958|Şanzıman yağları
959|Yağlayıcılar
960|Fren hidroliği
961|Soğutma sıvıları
962|Yakıt katkıları
963|Yapıştırıcılar ve sızdırmazlık ürünleri
964|Cam suları
966|Diğer bakım ürünleri
967|Aksesuar ve ekipman
968|Oto paspasları
975|Akü şarj cihazları
976|Kış ürünleri
977|Tavan barları
978|Tavan bagajları ve aksesuarları
979|Bisiklet taşıyıcıları
981|Araç kokuları
982|Çekme halatları
983|Jant kapakları
984|Akü takviye kabloları
986|Direksiyon kutuları
987|Akü takviye cihazları
989|Ek aydınlatma
996|LED ışık barları
997|LED ampuller
998|Üniversal çeki demiri tesisat setleri
1000|Çamurluklar
1001|LED plaka lambaları
1002|LED ve CCFL halkaları
1003|Çalışma lambaları
1004|LED iç aydınlatma
1005|LED dış aydınlatma
1006|Üniversal gündüz farları
1007|Gündüz farları
1008|Halojen ampuller
1009|Xenon ampuller
1010|Xenon balastları
1011|Xenon setleri
1012|CAN-bus hata gidericiler
1013|Aydınlatma aksesuarları
1014|Üniversal park sensörleri
1015|Geri görüş kameraları
1019|Kar zincirleri ve kar çorapları
1023|El aletleri ve servis ekipmanları
1024|Vida sökücüler
1027|Diş tamir ürünleri
1029|Kaldırma ekipmanları
1030|Eldivenler
1033|Araç servis aletleri
1035|Elektrikli el aletleri
1036|Alternatör bakım aletleri
1038|Fren bakım aletleri
1041|El aletleri
1042|Mıknatıslı toplama aletleri
1046|Matkaplar
1047|Alet takımları
1048|Penseler ve kesiciler
1049|Lokma takımları ve aksesuarları
1050|Anahtarlar
1051|Tornavidalar
1052|Ölçüm aletleri
1054|Bagaj havuzları
1055|Havalı el aletleri
1056|Eğeler
1057|Tel fırçalar
1058|Elektrikçi aletleri
1061|Tornavida uçları
1062|Motor bakım aletleri
1068|Darbeli el aletleri
1070|Aşındırıcılar
1071|Yağ bakım aletleri
1073|Akkor ampuller
1074|Ampuller
1075|Yağ katkıları
1076|Süspansiyon ve direksiyon aletleri
1078|Arıza tespit cihazları
1079|Tavan barları ve aksesuarları
1080|Tavan barı montaj setleri
1081|Tavan barı aksesuarları
1083|Tavan sepeti aksesuarları
1085|Kontrol lambaları
1087|Jant ve lastik montajı
1088|Kaporta ve iç donanım aletleri
1089|Bağlantı klipsleri
1093|Tavan barı ayak setleri
1100|Fren boruları
1102|Fren borusu bağlantıları
1103|Araç içi kameralar
1105|İnvertörler
1106|Yakıt sistemi aletleri
1107|Cam krikosu anahtarları
1108|Entegrasyon setleri
1110|Hidrolik direksiyon sıvısı
1112|Araç örtüleri
1113|AdBlue
1114|Detaylı bakım
1115|Dış yüzey bakım ve temizlik
1116|Yağ giderme ve ön yıkama
1117|Jant ve lastik bakımı
1118|Dış plastik ve çıta temizliği
1119|İç yüzey bakım ve temizlik
1120|İç plastik ve döşeme temizliği
1121|Kumaş ve paspas temizliği
1122|Deri bakımı
1124|Cam temizliği ve koruma
1125|Cila ve polisaj
1126|Cila ve seramik kaplama
1127|Polisaj pastaları
1128|Detaylı bakım aletleri ve aksesuarları
1129|Mikrofiber bezler
1130|Polisaj ve parlatma pedleri
1131|Polisaj aletleri ve aksesuarları
1132|Detaylı bakım aksesuarları
1133|Araç şampuanları
1135|Akülü el aletleri
1142|Aküler
1143|Telefon aksesuarları
10003|Yay tablaları
10004|Aks taşıyıcıları
10005|Kapı kolları ve kilitleri
10006|İç donanım parçaları
10007|Tekil debriyaj parçaları
10008|Diğer anahtarlar
10009|Basınç sensörleri
10010|Sıcaklık sensörleri
10011|Sıvı seviye sensörleri
10012|Hız ve devir sensörleri
10014|Konum sensörleri
10015|Devir sinyal sensörleri
10017|Far seviye sensörleri
10018|Diğer aydınlatma anahtarları
10019|Kontrol anahtarları
10020|Basınç müşürleri
10021|Sıcaklık müşürleri
10022|Kontak anahtarları
10023|Konfor anahtarları
10025|Silecek anahtarları
10026|Aydınlatma anahtarları
10027|Far anahtarları
10028|Sis farı anahtarları
10030|Direksiyon kolon anahtarları
10031|Geri vites müşürleri
10033|Dörtlü flaşör anahtarları
10035|Anahtarlar ve müşürler
10036|Gergiler, kasnaklar ve sönümleyiciler
10037|Supap kapakları
10038|Külbütör kolları
10039|Külbütör iticileri
10041|Supap ayar pulları
10042|Eksantrik ayar kontrol valfleri
10043|Eksantrik ayarlayıcıları
10044|Eksantrik mili burçları
10045|Eksantrik mili dişlileri
10046|Supap kılavuzları
10047|Krank mili yatak takımları
10048|Motor bloğu havalandırma valfleri
10049|Karter yağ ayırıcıları
10050|Karter havalandırma hortumları
10051|Motor conta ve keçeleri
10052|Şanzıman conta ve keçeleri
10053|Krank mili keçeleri
10054|Şanzıman keçe halkaları
11003|Bisiklet seleleri ve gidonları
11004|Bisikletler
11005|Bisiklet aksesuarları
11006|Bisiklet tekerlekleri ve lastikleri
11007|Bisiklet pedalları
11008|Bisiklet gidonları
11009|Bisiklet gidon boğazları
11010|Bisiklet fren balataları
11011|Bisiklet aynakol dişlileri
11012|Bisiklet elcikleri
11013|Bisiklet çamurlukları
11014|Bisiklet fren kablosu kılıfları
11015|Bisiklet vites kablosu kılıfları
11016|Bisiklet vites telleri
11017|Bisiklet fren telleri
11018|Bisiklet rulmanları
11019|Bisiklet zincir korumaları
11020|Bisiklet vites kulağı
11021|Bisiklet disk frenleri
11022|Bisiklet jant frenleri
11023|Bisiklet sele boruları
11024|Bisiklet fren diskleri
11025|Bisiklet fren kolları
11027|Bisiklet vites kolları
11028|Bisiklet vites değiştiricileri
11029|Bisiklet aynakolları
11030|Bisiklet orta göbekleri
11031|Bisiklet seleleri
11032|Bisiklet rubleleri
11033|Bisiklet ayaklıkları
11034|Bisiklet mataraları
11035|Bisiklet eldivenleri
11036|Bisiklet bilgisayarları
11037|Bisiklet zincirleri
11038|Bisiklet kornaları
11039|Bisiklet zilleri
11040|Bisiklet kilitleri
11041|Bisiklet aydınlatmaları
11042|Bisiklet heybe çantaları
11043|Bisiklet sele çantaları
11044|Bisiklet kadro çantaları
11045|Bisiklet matara kafesleri
11046|Bisiklet çocuk koltukları
11047|Bisiklet bagajları
11048|Bisiklet sepetleri
11049|Bisiklet pompaları
11050|Bisiklet tekerlek setleri
11051|Bisiklet jant bantları
11052|Bisiklet tekerlekleri
11053|Bisiklet jantları
11054|Bisiklet jant telleri
11055|Bisiklet göbekleri
11056|Bisiklet lastikleri
11057|Bisiklet iç lastikleri
11058|Bisiklet parçaları
11059|Bisiklet hava kompresörleri
11060|Bisiklet frenleri
11061|Bisiklet zincir aktarma sistemi
11062|Far ampulleri
11064|Elektrikli araç şarj cihazları
11065|Ön ve arka sis farı ampulleri
11066|Bisiklet kaskları
11067|Bisiklet telefon tutucuları
11068|LED dönüşüm setleri
11069|LED dönüşüm ampulleri
11070|LED dönüşüm aksesuarları
11071|Elektrikli süpürgeler
11193|Bisiklet bakım ürünleri
11196|Bisiklet aletleri
11234|İşaret lambaları
11242|İç konfor ve koruma
11243|Fren toz sacları
11256|Bisiklet maşaları
11257|Vites topuzları
11259|Araç güvenlik aksesuarları
11260|Araç ses sistemi aksesuarları
11261|Yakıt bidonları
11262|Su bidonları
11263|Araç buzdolapları ve soğutucu kutular
11264|Hava pompaları
11265|Hava kompresörleri
11266|Evcil hayvan seyahat aksesuarları
11267|Seyahat çantaları
11268|Yük sabitleme kayışları
11270|Solenoid valfleri
11271|Süspansiyon setleri
11274|Sürüş farları
11275|Tepe lambaları
11276|Montaj parçaları
