"id","name"
3854,ABARTH
609,AC
1505,ACURA
5487,AEOLUS
5500,AIWAYS
1480,AIXAM
2,ALFA ROMEO
866,ALPINA
810,ALPINE
2246,AMC
1360,ARO
3495,ARTEGA
879,ASIA MOTORS
881,ASTON MARTIN
5,AUDI
6,AUSTIN
1538,AUSTIN-HEALEY
3,AUTO UNION
799,AUTOBIANCHI
2845,AUVERLAND
8047,BAC
3773,BAIC
3071,BAW
10,BEDFORD
5670,BEIJING
815,BENTLEY
1485,BERTONE
5510,BESTUNE
1486,BITTER
16,BMW
1537,BOND
136,BORGWARD
1487,BRISTOL
788,BUGATTI
816,BUICK
3122,BYD
819,CADILLAC
1488,CALLAWAY
1489,CARBODIES
2915,CASALINI
1490,CATERHAM
2852,CHANGAN
2916,CHATENET
1491,CHECKER
2887,CHERY
138,CHEVROLET
20,CHRYSLER
21,CITROËN
4896,CUPRA
139,DACIA
185,DAEWOO
24,DAF
25,DAIHATSU
26,DAIMLER
1493,DALLAS
1494,DE LOREAN
1495,DE TOMASO
6587,DEEPAL
4269,DFSK
29,DODGE
3659,DONGFENG
4658,DONKERVOORT
3497,DR
4468,DS
5705,E.GO
142,EBRO
6177,ELARIS
7024,EMC
8322,EON MOTORS
6862,EVO
8583,EXLANTIX
5486,FENGON
700,FERRARI
35,FIAT
8454,FIREFLY
3738,FISKER
36,FORD
1496,FORD AUSTRALIA
808,FORD OTOSAN
776,FORD USA
6363,FORTHING
2867,FOTON
775,FSO
5475,GALLOPER
148,GAZ
2590,GEELY
4473,GENESIS
831,GEO
5244,GEOMETRY
1498,GINETTA
812,GLAS
39,GMC
2903,GREAT WALL
3968,HAVAL
1499,HINDUSTAN
1500,HOBBYCAR
45,HONDA
2871,HONGQI
1506,HUMMER
183,HYUNDAI
8445,ICH-X
6873,ICKX
1507,INDIGO
6576,INEOS
1526,INFINITI
52,INNOCENTI
1508,IRMSCHER
1509,ISDERA
5736,ISORIVOLTA
54,ISUZU
55,IVECO
4683,IZH
2873,JAC
8059,JAECOO
56,JAGUAR
882,JEEP
1511,JENSEN
5501,KARMA
7030,KG MOBILITY
184,KIA
4163,KOENIGSEGG
2760,KTM
63,LADA
701,LAMBORGHINI
64,LANCIA
1820,LAND ROVER
2589,LANDWIND (JMC)
5201,LEAPMOTOR
5194,LEVC
842,LEXUS
3086,LIFAN
1513,LIGIER
1200,LINCOLN
6739,LIVAN AUTO
802,LOTUS
3047,LTI
6519,LUCID
4612,LYNK & CO
7029,M-HERO
1280,MAHINDRA
1516,MARCOS
908,MARUTI
771,MASERATI
3300,MAXUS
2164,MAYBACH
72,MAZDA
1518,MCLAREN
845,MEGA
74,MERCEDES-BENZ
1520,METROCAB
75,MG
3961,MIA ELECTRIC
6545,MICRO
4219,MICROCAR
1521,MIDDLEBRIDGE
1522,MINELLI
1523,MINI
6028,MINI (GB)
77,MITSUBISHI
2904,MITSUOKA
8369,MOBILIZE
803,MORGAN
78,MORRIS
813,MOSKVICH
5204,MPM MOTORS
8485,NAVOR
4780,NIO
80,NISSAN
81,NSU
1141,OLDSMOBILE
1527,OLTCIT
7642,OMODA
84,OPEL
5123,ORA
1529,OSCA
1530,PANOZ
1531,PANTHER
88,PEUGEOT
181,PIAGGIO
3046,PININFARINA
850,PLYMOUTH
5152,POLARIS
4817,POLESTAR
774,PONTIAC
92,PORSCHE
851,PREMIER
778,PROTON
1580,PUCH
3689,RAM
1534,RANGER
1536,RAYTON FISSORE
773,RELIANT
93,RENAULT
1539,RILEY
7535,RIMAC
705,ROLLS-ROYCE
95,ROVER
4152,RUF
99,SAAB
171,SANTANA
104,SEAT
5590,SERES
1547,SHELBY
8327,SILENCE
1548,SIPANI
106,SKODA
5890,SKYWELL
1138,SMART
1549,SPECTRE
6874,SPORTEQUIPE
2755,SPYKER
175,SSANGYONG
1550,STANDARD AUTOMOBILE
176,STEYR
4015,STREETSCOOTER
107,SUBARU
109,SUZUKI
4611,SWM MOTORS
110,TALBOT
178,TATA
3443,TAZZARI
3328,TESLA
3514,THINK
8402,TIGER
5558,TOGG
111,TOYOTA
187,TRABANT
112,TRIUMPH
861,TVR
1553,UAZ
1554,UMM
117,VAUXHALL
1555,VECTOR
5118,VINFAST
120,VOLVO
6223,VOYAH
121,VW
186,WARTBURG
907,WESTFIELD
4751,WEY
1558,WIESMANN
1541,WOLSELEY
6588,XEV
5184,XPENG
4764,YUDO
2816,YUGO
1559,YULON
124,ZASTAVA
1139,ZAZ
4599,ZD
6168,ZEEKR
